Timestamp,Name,Age,Gender,Favourite Color,Address,Status
2022/12/09 12:12:55 AM GMT+5:30,Hardik,18-25,Male,Orange,Bhopal,Under Graduate
2022/12/09 12:14:15 AM GMT+5:30,Arjun,Below 18,Male,Red,Indore,Under Graduate
2022/12/09 12:14:46 AM GMT+5:30,Sita,18-25,Female,Magenta,Videh,Graduated
2022/12/09 12:15:45 AM GMT+5:30,Ram,25-30,Male,Orange,Ayodya,Graduated
2022/12/09 12:16:00 AM GMT+5:30,Anuj,30-40,Male,Blue,Indore,Professional
2022/12/09 12:17:20 AM GMT+5:30,Mohit,25-30,Male,Yellow,Delhi,Graduated
2022/12/09 12:17:33 AM GMT+5:30,Harshit,18-25,Male,Green,Bhopal,Graduated
2022/12/09 12:17:50 AM GMT+5:30,Janki,18-25,Female,Orange,Bhopal,Professional
2022/12/09 12:53:30 AM GMT+5:30,Mohan,25-30,Male,Blue,Chennai,Professional
2022/12/09 12:54:42 AM GMT+5:30,Laxmi,Below 18,Female,Red,Sagar,Under Graduate
2022/12/09 12:55:09 AM GMT+5:30,Ayush,Above 40,Male,Black,Chennai,Professional
2022/12/09 12:17:33 AM GMT+5:30,Sagar,18-25,Male,Green,Bhopal,Professional
2022/12/09 12:17:50 AM GMT+5:30,Ahilya,25-30,Female,Orange,Indore,Professional
2022/12/09 12:53:30 AM GMT+5:30,Kapil,25-30,Male,Blue,Mathura,Graduated
2022/12/09 12:12:55 AM GMT+5:30,Dilip,18-25,Male,Orange,Pushkar,Graduated
2022/12/09 12:14:15 AM GMT+5:30,Shyam,30-40,Male,Black,Indore,Professional
2022/12/09 12:14:46 AM GMT+5:30,Saraswati,25-30,Female,Magenta,Pushkar,Professional
2022/12/09 12:55:09 AM GMT+5:30,Naveen,Below 18,Male,Black,Mumbai,Under Graduate
2022/12/09 12:17:33 AM GMT+5:30,Rajendra,18-25,Male,Blue,Madras,Professional
2022/12/09 12:17:50 AM GMT+5:30,Tara,18-25,Female,Orange,Mumbai,Under Graduate
2022/12/09 12:53:30 AM GMT+5:30,Anurag,25-30,Male,Blue,Delhi,Professional
2022/12/09 12:12:55 AM GMT+5:30,Aditya,18-25,Male,Yellow,Sagar,Under Graduate
2022/12/09 12:14:15 AM GMT+5:30,Gautam,Below 18,Male,Black,Sagar,Under Graduate
2022/12/09 12:14:46 AM GMT+5:30,Radha,30-40,Female,Black,Mathura,Professional
